<?xml version="1.0" encoding="UTF-8" ?>
<!DOCTYPE mapper PUBLIC "-//mybatis.org//DTD Mapper 3.0//EN" "http://mybatis.org/dtd/mybatis-3-mapper.dtd" >
<mapper namespace="com.szclou.mapper.ProvideDataMapper">

    <select id="getAllTerm" resultType="com.szclou.entity.Term">
        select * from d_term where org_id = '925171713283457024'
    </select>

    <select id="getTerm" resultType="com.szclou.entity.Term">
        select * from d_term where org_id = '925171713283457024' and ASSET_NO = #{address}
    </select>

    <select id="getWmtr" resultType="com.szclou.entity.Wmtr">
        select * from d_wmtr where wmtr_id in (
            select device_id from d_term_mtr_rela where terminal_id = #{termId} and device_type = '1'
        )
            LIMIT #{currentPos}, #{size}
    </select>

    <select id="getMeter" resultType="com.szclou.entity.Meter">
        select * from d_meter where meter_id in (
            select device_id from d_term_mtr_rela where terminal_id = #{termId} and device_type = '2'
        )
            LIMIT #{currentPos}, #{size}
    </select>

    <select id="getParaByWmtrId" resultType="com.szclou.entity.MeterPara">
        select * from d_meter_para where mtr_para_id = (select mtr_para_id from d_wmtr where wmtr_id = #{id})
    </select>

    <select id="getParaByMeterId" resultType="com.szclou.entity.MeterPara">
        select * from d_meter_para where mtr_para_id = (select mtr_para_id from d_meter where meter_id = #{id})
    </select>

    <select id="getCaliber" resultType="com.szclou.entity.Caliber">
        select * from p_caliber where caliber_id = #{id}
    </select>

    <select id="getBDGrade" resultType="com.szclou.entity.BDGrade">
        select * from o_tg_build_doorplate where id = #{id}
    </select>

</mapper>