<?xml version="1.0" encoding="UTF-8" ?>
<!DOCTYPE mapper PUBLIC "-//mybatis.org//DTD Mapper 3.0//EN" "http://mybatis.org/dtd/mybatis-3-mapper.dtd" >
<mapper namespace="com.mapper.log.ChangeMeterLogMapper">

    <select id="getLog"  resultType="com.entity.log.ChangeMeterLog">
        select change_meter_log.*,o_user.name as userName,o_area_grade.area_name as areaName
        from change_meter_log,o_user,o_area_grade
        where  change_meter_log.op_user = o_user.id
        and  change_meter_log.area_id = o_area_grade.id
        and  change_meter_log.org_id = #{dto.orgId}
        <if test="dto.meterType!=null and dto.meterType == 0">
            and change_meter_log.op_type in (1,2)
        </if>
        <if test="dto.meterType!=null and dto.meterType == 1">
            and change_meter_log.op_type in (3,4)
        </if>
        <if test="dto.meterAddress!=null and dto.meterAddress != ''">
            and change_meter_log.meter_address like  concat('%',#{dto.meterAddress,jdbcType=VARCHAR},'%')
        </if>
        <if test="dto.areaId!=null and dto.areaId != '' ">
            and change_meter_log.area_id  = #{dto.areaId}
        </if>
        <if test="dto.opUser!=null and dto.opUser != '' ">
            and change_meter_log.op_user  = #{dto.opUser}
        </if>
        <if test="dto.startDate!= null and dto.endDate!=null ">
            and  (DATE_FORMAT( op_time, '%Y-%m-%d') BETWEEN DATE_FORMAT( #{dto.startDate}, '%Y-%m-%d')
            and DATE_ADD(DATE_FORMAT(  #{dto.endDate}, '%Y-%m-%d'),interval 1 DAY))
        </if>
        <if test="dto.page!=null and dto.page != ''">
            LIMIT #{dto.currentPos}, #{dto.limit}
        </if>
    </select>

    <select id="getLogCount"  resultType="java.lang.Integer">
        select count(*)
        from change_meter_log
        where change_meter_log.org_id = #{dto.orgId}
        <if test="dto.meterType!=null and dto.meterType == 0">
            and change_meter_log.op_type in (1,2)
        </if>
        <if test="dto.meterType!=null and dto.meterType == 1">
            and change_meter_log.op_type in (3,4)
        </if>
        <if test="dto.meterAddress!=null and dto.meterAddress != ''">
            and change_meter_log.meter_address like  concat('%',#{dto.meterAddress,jdbcType=VARCHAR},'%')
        </if>
        <if test="dto.areaId!=null and dto.areaId != '' ">
            and change_meter_log.area_id  = #{dto.areaId}
        </if>
        <if test="dto.opUser!=null and dto.opUser != '' ">
            and change_meter_log.op_user  = #{dto.opUser}
        </if>
        <if test="dto.startDate!=null and dto.endDate!=null ">
            and  (DATE_FORMAT( op_time, '%Y-%m-%d') BETWEEN DATE_FORMAT( #{dto.startDate}, '%Y-%m-%d')
            and DATE_ADD(DATE_FORMAT(  #{dto.endDate}, '%Y-%m-%d'),interval 1 DAY))
        </if>
    </select>


</mapper>