<?xml version="1.0" encoding="UTF-8" ?>
<!DOCTYPE mapper PUBLIC "-//mybatis.org//DTD Mapper 3.0//EN" "http://mybatis.org/dtd/mybatis-3-mapper.dtd" >
<mapper namespace="com.mapper.log.MeterOperateLogMapper">

    <select id="getLog"  resultType="com.vo.SystemLogVo.OperateMeterLogVO">
        select operate_meter_log.*,o_user.name as userName,o_area_grade.area_name as areaName
        from operate_meter_log,o_user,o_area_grade
        where
            operate_meter_log.org_id = #{dto.orgId}
        and operate_meter_log.op_user = o_user.id
        and operate_meter_log.area_id = o_area_grade.id
        <if test="dto.meterType!=null and dto.meterType == 0">
            and operate_meter_log.meter_type  = '0'
        </if>
        <if test="dto.meterType!=null and dto.meterType == 1 ">
            and operate_meter_log.meter_type  = '1'
        </if>
        <if test="dto.meterType!=null and dto.meterType == 2 ">
            and operate_meter_log.meter_type  = '2'
        </if>
        <if test="dto.areaId!=null and dto.areaId != '' ">
            and operate_meter_log.area_id  = #{dto.areaId}
        </if>
        <if test="dto.opUser!=null and dto.opUser != '' ">
            and operate_meter_log.op_user  = #{dto.opUser}
        </if>

        <if test="dto.startDate!= null and dto.endDate!=null ">
            and  (DATE_FORMAT( op_time, '%Y-%m-%d') BETWEEN DATE_FORMAT( #{dto.startDate}, '%Y-%m-%d')
            and DATE_ADD(DATE_FORMAT(  #{dto.endDate}, '%Y-%m-%d'),interval 1 DAY))
        </if>
        <if test="dto.page!=null and dto.page != ''">
            LIMIT #{dto.currentPos}, #{dto.limit}
        </if>
    </select>

    <select id="getLogCount"  resultType="java.lang.Integer">
        select count(*)
        from operate_meter_log
        where operate_meter_log.org_id = #{dto.orgId}
        <if test="dto.meterType!=null and dto.meterType == 0">
            and operate_meter_log.meter_type  = '0'
        </if>
        <if test="dto.meterType!=null and dto.meterType == 1 ">
            and operate_meter_log.meter_type  = '1'
        </if>
        <if test="dto.meterType!=null and dto.meterType == 2 ">
            and operate_meter_log.meter_type  = '2'
        </if>
        <if test="dto.areaId!=null and dto.areaId != '' ">
            and operate_meter_log.area_id  = #{dto.areaId}
        </if>
        <if test="dto.opUser!=null and dto.opUser != '' ">
            and operate_meter_log.op_user  = #{dto.opUser}
        </if>

        <if test="dto.startDate!=null and dto.endDate!=null ">
            and  (DATE_FORMAT( op_time, '%Y-%m-%d') BETWEEN DATE_FORMAT( #{dto.startDate}, '%Y-%m-%d')
            and DATE_ADD(DATE_FORMAT(  #{dto.endDate}, '%Y-%m-%d'),interval 1 DAY))
        </if>
    </select>

</mapper>