<?xml version="1.0" encoding="UTF-8" ?>
<!DOCTYPE mapper PUBLIC "-//mybatis.org//DTD Mapper 3.0//EN" "http://mybatis.org/dtd/mybatis-3-mapper.dtd" >
<mapper namespace="com.mapper.cl6904.CL6904Mapper">

    <select id="getMonthElecData"  resultType="com.dto.equipment.WiredMeterDTO">
        select pap_r as realSumFlow, data_time as dataDate,upd_time as collTime from e_mp_day_pap_read where
        device_id = #{id}
        and data_time like #{date}
        order by upd_time desc
        LIMIT #{pos},#{limit}
    </select>


    <select id="getPapR"  resultType="com.dto.equipment.MeterDayDataDTO">
        select pap_r as realSumFlow, data_time as dataDate,upd_time as collTime from e_mp_day_pap_read where
        device_id = #{id}
        and data_time = #{date}
        order by upd_time desc
        LIMIT 1
    </select>

    <select id="getNoReport818" resultType="java.lang.String">
        select device_id from e_mp_day_pap_read where
        data_time = #{date}
        <if test="ids!=null and ids.size() != 0">
            and  device_id in
            <foreach collection="ids" item="id" open="(" separator="," close=")">
                #{id}
            </foreach>
        </if>
    </select>

    <select id="getCollMeterList" resultType="com.vo.equipment.CollectMeterVo">
        select * from wired_meter where
        id in (
            select wired_meter_id from cl6904_kl2022_relation
            where 1=1
            <if test="ids!=null and ids.size() != 0">
                and  meter_id in
                <foreach collection="ids" item="id" open="(" separator="," close=")">
                    #{id}
                </foreach>
            </if>
        )
    </select>
</mapper>