<?xml version="1.0" encoding="UTF-8" ?>
<!DOCTYPE mapper PUBLIC "-//mybatis.org//DTD Mapper 3.0//EN" "http://mybatis.org/dtd/mybatis-3-mapper.dtd" >
<mapper namespace="com.mapper.dataView.DataViewMapper">
  <select id="getMeterSum" resultType="java.lang.Integer">
    select sum(c.anum )from (
    select count(*) as anum from wired_meter
    where 1=1
    <if test="orgId!=null and orgId != ''">
      and  org_id = #{orgId}
    </if>
    <if test="areaId!=null and areaId != ''">
      and  area_id = #{areaId}
    </if>
    <if test="ids!=null and ids.size() != 0">
      and  tg_build_doorplate in
      <foreach collection="ids" item="id" open="(" separator="," close=")">
        #{id}
      </foreach>
    </if>
    union all
    select count(*) as anum from w_nb
    where 1=1
    <if test="orgId!=null and orgId != ''">
      and  org_id = #{orgId}
    </if>
    <if test="areaId!=null and areaId != ''">
      and  area_id = #{areaId}
    </if>
    <if test="ids!=null and ids.size() != 0">
      and  tg_build_doorplate in
      <foreach collection="ids" item="id" open="(" separator="," close=")">
        #{id}
      </foreach>
    </if>
    )c
  </select>

  <select id="getMeterSumByDate" resultType="java.lang.Integer">
    select sum(c.anum )from (
    select count(*) as anum from wired_meter
    where 1=1
    <if test="orgId!=null and orgId != ''">
      and  org_id = #{orgId}
    </if>
    <if test="areaId!=null and areaId != ''">
      and  area_id = #{areaId}
    </if>
    <if test="ids!=null and ids.size() != 0">
      and  tg_build_doorplate in
      <foreach collection="ids" item="id" open="(" separator="," close=")">
        #{id}
      </foreach>
    </if>
    union all
    select count(*) as anum from w_nb
    where inst_date  <![CDATA[ <= ]]>  #{date}
    <if test="orgId!=null and orgId != ''">
      and  org_id = #{orgId}
    </if>
    <if test="areaId!=null and areaId != ''">
      and  area_id = #{areaId}
    </if>
    <if test="ids!=null and ids.size() != 0">
      and  tg_build_doorplate in
      <foreach collection="ids" item="id" open="(" separator="," close=")">
        #{id}
      </foreach>
    </if>
    )c
  </select>


  <select id="getWaterSum" resultType="java.lang.Integer">
    select sum(c.anum )from (
    select count(*) as anum from wired_meter
    where 1=1
    and meter_type = '0'
    <if test="orgId!=null and orgId != ''">
      and  org_id = #{orgId}
    </if>
    <if test="areaId!=null and areaId != ''">
      and  area_id = #{areaId}
    </if>
    <if test="ids!=null and ids.size() != 0">
      and  tg_build_doorplate in
      <foreach collection="ids" item="id" open="(" separator="," close=")">
        #{id}
      </foreach>
    </if>
    union all
    select count(*) as anum from w_nb
    where 1=1
    <if test="orgId!=null and orgId != ''">
      and  org_id = #{orgId}
    </if>
    <if test="areaId!=null and areaId != ''">
      and  area_id = #{areaId}
    </if>
    <if test="ids!=null and ids.size() != 0">
      and  tg_build_doorplate in
      <foreach collection="ids" item="id" open="(" separator="," close=")">
        #{id}
      </foreach>
    </if>
    )c
  </select>

  <select id="getUserSum" resultType="java.lang.Integer">
    select count(*) from tenant where 1=1
    <if test="orgId!=null and orgId != ''">
      and  org_id = #{orgId}
    </if>
    <if test="areaId!=null and areaId != ''">
      and  area_id = #{areaId}
    </if>
    <if test="ids!=null and ids.size() != 0">
      and  tg_build_doorplate in
      <foreach collection="ids" item="id" open="(" separator="," close=")">
        #{id}
      </foreach>
    </if>
  </select>

  <select id="getTermSum" resultType="java.lang.Integer">
    select count(*) from wired_term where 1=1
    and status = '0'
    <if test="orgId!=null and orgId != ''">
      and  org_id = #{orgId}
    </if>
    <if test="areaId!=null and areaId != ''">
      and  area_id = #{areaId}
    </if>
  </select>

  <select id="getReportSum" resultType="java.lang.Integer">
    select sum(c.anum) from(
        select count(distinct device_id) as anum  from water_meter_day_read
        where device_id in (
            select imei from w_nb where 1=1
              <if test="orgId!=null and orgId != ''">
                and  org_id = #{orgId}
              </if>
              <if test="areaId!=null and areaId != ''">
                and  area_id = #{areaId}
              </if>
              <if test="ids!=null and ids.size() != 0">
                and  tg_build_doorplate in
                <foreach collection="ids" item="id" open="(" separator="," close=")">
                  #{id}
                </foreach>
              </if>
        )
        and data_date = #{date}
        union all
        select count(distinct meter_address) as anum  from wired_meter_day_read
        where meter_address in (
            select meter_address from wired_meter where 1=1
            <if test="orgId!=null and orgId != ''">
              and  org_id = #{orgId}
            </if>
            <if test="areaId!=null and areaId != ''">
              and  area_id = #{areaId}
            </if>
            <if test="ids!=null and ids.size() != 0">
              and  tg_build_doorplate in
              <foreach collection="ids" item="id" open="(" separator="," close=")">
                #{id}
              </foreach>
            </if>
        )
        and data_date = #{date}
    ) c
  </select>

  <select id="getFeeSum" resultType="java.lang.Integer">
    select count(*) from tenant where status = 0
    <if test="orgId!=null and orgId != ''">
      and  org_id = #{orgId}
    </if>
    <if test="areaId!=null and areaId != ''">
      and  area_id = #{areaId}
    </if>
    <if test="ids!=null and ids.size() != 0">
      and  tg_build_doorplate in
      <foreach collection="ids" item="id" open="(" separator="," close=")">
        #{id}
      </foreach>
    </if>
  </select>

  <select id="getWireSumByMeterType" resultType="java.lang.Integer">
    select count(*) as anum from wired_meter
    where 1=1
    <if test="meterType!=null and meterType == 0">
      and meter_type = '0'
    </if>
    <if test="meterType!=null and meterType == 4">
      and meter_type = '4'
    </if>
    <if test="orgId!=null and orgId != ''">
      and  org_id = #{orgId}
    </if>
    <if test="areaId!=null and areaId != ''">
      and  area_id = #{areaId}
    </if>
    <if test="ids!=null and ids.size() != 0">
      and  tg_build_doorplate in
      <foreach collection="ids" item="id" open="(" separator="," close=")">
        #{id}
      </foreach>
    </if>
  </select>

  <select id="getOrgTenantNumber" resultType="com.dto.dataView.CommonMapDTO">
    select name,IFNULL(NUMBER,0) AS value from (
    (select area_name as name,id from o_area_grade where org_id = #{orgId}) a
    left join
    (select count(*)  as number,area_id  from tenant group by area_id) b
    on a.id = b.area_id
    )
    ORDER BY number DESC
  </select>

  <select id="getTgNameByAreaId" resultType="java.lang.String">
    select id from o_tg_build_doorplate where area_id = #{areaId} and parent_id is null
  </select>

  <select id="getRoomTenantNumber" resultType="com.dto.dataView.CommonMapDTO">
    select a.name,IFNULL(NUMBER,0) AS value from (
    (select bd_name as name,id from o_tg_build_doorplate where id = #{id})  a
    left join
    (select count(*)  as number,tg_build_doorplate  from tenant where tg_build_doorplate in
    <foreach collection="ids" item="idd" open="(" separator="," close=")">
      #{idd}
    </foreach>
     group by tg_build_doorplate) b
    on a.id = b.tg_build_doorplate
    )
    ORDER BY value DESC
  </select>

  <select id="getWireReportSum" resultType="java.lang.Integer">
    select count(distinct meter_address ,term_address) as anum from wired_meter_day_read
    where meter_address in (
    select meter_address from wired_meter where 1=1
    and meter_type = '0'
    <if test="orgId!=null and orgId != ''">
      and  org_id = #{orgId}
    </if>
    <if test="areaId!=null and areaId != ''">
      and  area_id = #{areaId}
    </if>
    <if test="ids!=null and ids.size() != 0">
      and  tg_build_doorplate in
      <foreach collection="ids" item="id" open="(" separator="," close=")">
        #{id}
      </foreach>
    </if>
    )
    and data_date = #{date}
  </select>

  <select id="getNbReportSum" resultType="java.lang.Integer">
    select count(distinct device_id) as anum from water_meter_day_read
    where device_id in (
    select imei from w_nb where 1=1
    <if test="orgId!=null and orgId != ''">
      and  org_id = #{orgId}
    </if>
    <if test="areaId!=null and areaId != ''">
      and  area_id = #{areaId}
    </if>
    <if test="ids!=null and ids.size() != 0">
      and  tg_build_doorplate in
      <foreach collection="ids" item="id" open="(" separator="," close=")">
        #{id}
      </foreach>
    </if>
    )
    and data_date = #{date}
  </select>

  <select id="getElecReport" resultType="java.lang.Integer">
    select count(distinct meter_address,term_address) as anum from wired_meter_day_read
    where meter_address in (
    select meter_address from wired_meter where 1=1
    and meter_type = '4'
    <if test="orgId!=null and orgId != ''">
      and  org_id = #{orgId}
    </if>
    <if test="areaId!=null and areaId != ''">
      and  area_id = #{areaId}
    </if>
    <if test="ids!=null and ids.size() != 0">
      and  tg_build_doorplate in
      <foreach collection="ids" item="id" open="(" separator="," close=")">
        #{id}
      </foreach>
    </if>
    )
    and data_date = #{date}
  </select>

  <select id="getNbSum" resultType="java.lang.Integer">
    select count(*) as anum from w_nb
    where 1=1
    <if test="orgId!=null and orgId != ''">
      and  org_id = #{orgId}
    </if>
    <if test="areaId!=null and areaId != ''">
      and  area_id = #{areaId}
    </if>
    <if test="ids!=null and ids.size() != 0">
      and  tg_build_doorplate in
      <foreach collection="ids" item="id" open="(" separator="," close=")">
        #{id}
      </foreach>
    </if>
  </select>

  <select id="getRecordOperate" resultType="com.dto.dataView.OperateRecordDTO">
    select op_type,count(*) as value from operate_meter_log
    where 1=1
    <if test="orgId!=null and orgId != ''">
      and  org_id = #{orgId}
    </if>
    <if test="areaId!=null and areaId != ''">
      and  area_id = #{areaId}
    </if>
    group by op_type
    order by op_type asc
  </select>


  <select id="getMeterId" resultType="java.lang.String">
    select meter_id from cl6904_kl2022_relation where 1=1
    <if test="ids!=null and ids.size() != 0">
      and  wired_meter_id in
      <foreach collection="ids" item="id" open="(" separator="," close=")">
        #{id}
      </foreach>
    </if>
  </select>

  <select id="getCL6904Data" resultType="java.lang.String">
    select pap_r from e_mp_day_pap_read where
    device_id = #{id} and data_time = #{date}
  </select>

  <select id="getAllMeterId" resultType="java.lang.String">
    select meter_id from cl6904_kl2022_relation
  </select>

  <select id="getOioElecReport" resultType="java.lang.Integer">
    select count(distinct device_id) from e_mp_day_pap_read where
    data_time = #{date}
    <if test="ids!=null and ids.size() != 0">
      and  device_id in
      <foreach collection="ids" item="id" open="(" separator="," close=")">
        #{id}
      </foreach>
    </if>
  </select>

  <select id="getAllPapR" resultType="com.dto.dataView.MeterPapR">
    select sum(papr_1) as papr_1,sum(papr_2) as papr_2,sum(papr_3) as papr_3,sum(papr_4) as papr_4,
     sum(papr_5) as papr_5,sum(papr_10) as papr_10,sum(papr_15) as papr_15,sum(papr_20) as papr_20,
     sum(papr_6) as papr_6,sum(papr_11) as papr_11,sum(papr_16) as papr_16,sum(papr_21) as papr_21,
     sum(papr_7) as papr_7,sum(papr_12) as papr_12,sum(papr_17) as papr_17,sum(papr_22) as papr_22,
     sum(papr_8) as papr_8,sum(papr_13) as papr_13,sum(papr_18) as papr_18,sum(papr_23) as papr_23,
     sum(papr_9) as papr_9,sum(papr_14) as papr_14,sum(papr_19) as papr_19,sum(papr_24) as papr_24 from wired_read_hour_data where data_date = #{date}
  </select>

  <select id="getWiredMeterIds" resultType="java.lang.String">
    select wired_meter.id from wired_meter ,wired_term
    where 1=1
    and wired_meter.term_id = wired_term.address
    and wired_term.model_type = '1'
    <if test="ids!=null and ids.size() != 0">
      and  wired_meter.tg_build_doorplate in
      <foreach collection="ids" item="id" open="(" separator="," close=")">
        #{id}
      </foreach>
    </if>
    <if test="areaId!=null and areaId != ''">
      and  wired_meter.area_id = #{areaId}
    </if>
  </select>

  <select id="getPapR" resultType="com.dto.dataView.MeterPapR">
     select sum(papr_1) as papr_1,sum(papr_2) as papr_2,sum(papr_3) as papr_3,sum(papr_4) as papr_4,
     sum(papr_5) as papr_5,sum(papr_10) as papr_10,sum(papr_15) as papr_15,sum(papr_20) as papr_20,
     sum(papr_6) as papr_6,sum(papr_11) as papr_11,sum(papr_16) as papr_16,sum(papr_21) as papr_21,
     sum(papr_7) as papr_7,sum(papr_12) as papr_12,sum(papr_17) as papr_17,sum(papr_22) as papr_22,
     sum(papr_8) as papr_8,sum(papr_13) as papr_13,sum(papr_18) as papr_18,sum(papr_23) as papr_23,
     sum(papr_9) as papr_9,sum(papr_14) as papr_14,sum(papr_19) as papr_19,sum(papr_24) as papr_24
     from wired_read_hour_data
     where data_date = #{date}
     and wired_meter_id in
    <foreach collection="ids" item="id" open="(" separator="," close=")">
      #{id}
    </foreach>
  </select>

  <select id="getAllTimePapR" resultType="java.lang.Double">
    select IFNULL(sum(${two}) - sum(${one}),0) as papr  from  wired_read_hour_data
    where data_date = #{date}
  </select>

  <select id="getTimePapR" resultType="java.lang.Double">
    select IFNULL(sum(${two}) - sum(${one}),0) as papr  from  wired_read_hour_data
    where data_date = #{date}
    and wired_meter_id in
    <foreach collection="ids" item="id" open="(" separator="," close=")">
      #{id}
    </foreach>
  </select>
</mapper>