<?xml version="1.0" encoding="UTF-8" ?>
<!DOCTYPE mapper PUBLIC "-//mybatis.org//DTD Mapper 3.0//EN" "http://mybatis.org/dtd/mybatis-3-mapper.dtd" >
<mapper namespace="com.mapper.equipment.ChangeMeterMapper">
    <select id="getAllMeterByOrgIdNB" resultType="com.dto.equipment.MeterDTO">
        select
            wmtr_id as id,meter_address as meterAddress,area_name as areaName,w_nb.area_id as areaId,
            name,inst_loc as instLoc ,w_nb.tg_build_doorplate as tgBuildDoorplate,imei,o_tg_build_doorplate.bd_name as bdName,
            proto_code as protoCode,inst_date as date
         from w_nb,o_area_grade,o_tg_build_doorplate
        where 1=1
        and w_nb.tg_build_doorplate is not null
        <if test="dto.areaId!=null and dto.areaId != ''">
            and  w_nb.area_id = #{dto.areaId}
        </if>
        <if test="ids!=null and ids.size() > 0">
            AND tg_build_doorplate IN
            <foreach collection="ids" item="id" open="(" separator="," close=")">
                #{id}
            </foreach>
        </if>
        <if test="dto.meterAddress!=null and dto.meterAddress != ''">
            and  meter_address  like  concat('%',#{dto.meterAddress,jdbcType=VARCHAR},'%')
        </if>
        and w_nb.org_id = #{dto.orgId}
        and w_nb.area_id = o_area_grade.id
        and w_nb.tg_build_doorplate = o_tg_build_doorplate.id
        <if test="dto.page!=null and dto.page != ''">
            LIMIT #{dto.currentPos}, #{dto.limit}
        </if>
    </select>

    <select id="getAllMeterCountByOrgIdNB" resultType="java.lang.Integer">
        select count(*)
        from w_nb
        where org_id = #{dto.orgId}
        and w_nb.tg_build_doorplate is not null
        <if test="dto.meterAddress!=null and dto.meterAddress != ''">
            and  meter_address  like  concat('%',#{dto.meterAddress,jdbcType=VARCHAR},'%')
        </if>
        <if test="dto.areaId!=null and dto.areaId != ''">
            and  w_nb.area_id = #{dto.areaId}
        </if>
        <if test="ids!=null and ids.size() > 0">
            AND tg_build_doorplate IN
            <foreach collection="ids" item="id" open="(" separator="," close=")">
                #{id}
            </foreach>
        </if>
    </select>

    <select id="getAllMeterByOrgIdWire" resultType="com.dto.equipment.MeterDTO">
        select
        wired_meter.id ,meter_address as meterAddress,o_area_grade.area_name as areaName,wired_meter.area_id as areaId,
        wired_meter.name,wired_meter.inst_loc as instLoc ,wired_meter.tg_build_doorplate as tgBuildDoorplate,o_tg_build_doorplate.bd_name as bdName,
        wired_meter.inst_time as date,term_id as termId,wired_term.model_type as modelType
        from wired_meter,o_area_grade,o_tg_build_doorplate,wired_term
        where
            wired_meter.term_id = wired_term.address
        and wired_meter.tg_build_doorplate is not null
        <if test="dto.meterType!=null and dto.meterType == 0">
            and  meter_type = '0'
        </if>
        <if test="dto.meterType!=null and dto.meterType == 4">
            and  meter_type = '4'
        </if>
        <if test="dto.meterAddress!=null and dto.meterAddress != ''">
            and  meter_address like  concat('%',#{dto.meterAddress,jdbcType=VARCHAR},'%')
        </if>
        <if test="dto.areaId!=null and dto.areaId != ''">
            and  wired_meter.area_id = #{dto.areaId}
        </if>
        <if test="ids!=null and ids.size() > 0">
            AND wired_meter.tg_build_doorplate IN
            <foreach collection="ids" item="id" open="(" separator="," close=")">
                #{id}
            </foreach>
        </if>
        and wired_meter.org_id = #{dto.orgId}
        and wired_meter.area_id = o_area_grade.id
        and wired_meter.tg_build_doorplate = o_tg_build_doorplate.id
        <if test="dto.page!=null and dto.page != ''">
            LIMIT #{dto.currentPos}, #{dto.limit}
        </if>
    </select>

    <select id="getAllMeterCountByOrgIdWire" resultType="java.lang.Integer">
        select count(*) from wired_meter where org_id = #{dto.orgId}
        and wired_meter.tg_build_doorplate is not null
        <if test="dto.meterType!=null and dto.meterType == 0">
            and  meter_type = '0'
        </if>
        <if test="dto.meterType!=null and dto.meterType == 4">
            and  meter_type = '4'
        </if>
        <if test="dto.meterAddress!=null and dto.meterAddress != ''">
            and  meter_address  like  concat('%',#{dto.meterAddress,jdbcType=VARCHAR},'%')
        </if>
        <if test="dto.areaId!=null and dto.areaId != ''">
            and  wired_meter.area_id = #{dto.areaId}
        </if>
        <if test="ids!=null and ids.size() > 0">
            AND wired_meter.tg_build_doorplate IN
            <foreach collection="ids" item="id" open="(" separator="," close=")">
                #{id}
            </foreach>
        </if>
    </select>

    <update id="unBindMeterNB">
        update w_nb set inst_loc = null , tg_build_doorplate = null  where wmtr_id = #{dto.id}
    </update>

    <update id="unBindMeterWire">
        update wired_meter set inst_loc = null, tg_build_doorplate = null ,term_id = null where id = #{dto.id}
    </update>
</mapper>

