<?xml version="1.0" encoding="UTF-8" ?>
<!DOCTYPE mapper PUBLIC "-//mybatis.org//DTD Mapper 3.0//EN" "http://mybatis.org/dtd/mybatis-3-mapper.dtd" >
<mapper namespace="com.mapper.equipment.NBmeterMapper">



  <select id="selectNBToConsIsnullByArea"  resultType="com.dto.equipment.NBDTO">
    SELECT
    WMTR_ID AS 'wmtrId',
    meter_address AS 'meterAddress',
    INST_LOC AS 'instLoc',
    INST_DATE AS 'dataDate',
    WMTR_TYPE AS 'type',
    ORG_ID AS 'orgId',
    AREA_ID AS 'areaId',
    TG_BUILD_DOORPLATE AS 'tgBuildDoorplate',
    IMEI AS 'imei',
    NAME AS 'name',
    proto_code AS 'protoCode'
    FROM w_nb
    WHERE ORG_ID = #{dto.orgId}
    <if test="areaId != null and areaId != '' ">
      AND AREA_ID = #{areaId}
    </if>
    <if test="bids!=null and bids.size() > 0">
      AND tg_build_doorplate IN
      <foreach collection="bids" item="id" open="(" separator="," close=")">
        #{id}
      </foreach>
    </if>

    <if test="dto.meterAddress!=null and dto.meterAddress != ''">
      AND meter_address like  concat('%',#{dto.meterAddress,jdbcType=VARCHAR},'%')
    </if>
    <if test="dto.page!=null and dto.page != ''">
      LIMIT #{dto.currentPos}, #{dto.limit}
    </if>
  </select>

  <select id="getCount" resultType="java.lang.Integer">
    select count(*)   FROM w_nb
    WHERE ORG_ID = #{dto.orgId}
    <if test="areaId != null and areaId != '' ">
      AND AREA_ID = #{areaId}
    </if>
    <if test="bids!=null and bids.size() > 0">
      AND tg_build_doorplate IN
      <foreach collection="bids" item="id" open="(" separator="," close=")">
        #{id}
      </foreach>
    </if>
    <if test="dto.meterAddress!=null and dto.meterAddress != ''">
      AND meter_address like  concat('%',#{dto.meterAddress,jdbcType=VARCHAR},'%')
    </if>
  </select>

  <select id="findMeterInMtrRela" resultType="java.lang.Integer">
        SELECT  COUNT(*) FROM D_TERM_MTR_RELA WHERE DEVICE_ID = #{id}
  </select>

  <select id="findCountByBDGradeId"  resultType="java.lang.Integer">
    SELECT count(*) FROM w_nb where TG_BUILD_DOORPLATE  = #{id}
  </select>

  <select id="getNBDateByAreaIdAndOrgId" resultType="com.dto.equipment.NBDTO">
    select w_nb.meter_address,
           w_nb.inst_loc,
           w_nb.name,
           o_tg_build_doorplate.bd_no as tgBuildDoorplate,
           max(dateDay.coll_time) as collTime,
           dateDay.data_date as dataDate,
           dateDay.upd_time as updTime,
           dateDay.real_sum_flow as realSumFlow,
           dateDay.csq as csq,
           dateDay.rsrp as rsrp,
           dateDay.snr as snr,
           dateDay.ecl as ecl,
           dateDay.water_current_date as waterCurrentDate,
           dateDay.run_status as runStatus
    from water_meter_day_read dateDay,w_nb
    left join o_tg_build_doorplate on w_nb.tg_build_doorplate = o_tg_build_doorplate.id
    where
        w_nb.imei = dateDay.device_id
    and w_nb.org_id = #{dto.orgId}
    and dateDay.data_date = #{dto.dataDate}
    and w_nb.area_id = #{areaId}
    <if test="dto.meterAddress!=null and dto.meterAddress != ''">
      AND w_nb.meter_address like  concat('%',#{dto.meterAddress,jdbcType=VARCHAR},'%')
    </if>
    <if test="dto.instLoc!=null and dto.instLoc != ''">
      AND w_nb.inst_loc like concat('%',#{dto.instLoc,jdbcType=VARCHAR},'%')
    </if>
    group by meter_address
    order by collTime desc
    <if test="dto.page!=null and dto.page != ''">
      LIMIT #{dto.currentPos}, #{dto.limit}
    </if>
  </select>

  <select id="getDataByTgIdAndOrgId" resultType="com.dto.equipment.NBDTO">
    select w_nb.meter_address,
    w_nb.inst_loc,
    w_nb.name,
    o_tg_build_doorplate.bd_no as tgBuildDoorplate,
    max(dateDay.coll_time) as collTime,
    dateDay.data_date as dataDate,
    dateDay.upd_time as updTime,
    dateDay.real_sum_flow as realSumFlow,
    dateDay.csq as csq,
    dateDay.rsrp as rsrp,
    dateDay.snr as snr,
    dateDay.ecl as ecl,
    dateDay.water_current_date as waterCurrentDate,
    dateDay.run_status as runStatus
    from water_meter_day_read dateDay,w_nb
    left join o_tg_build_doorplate on w_nb.tg_build_doorplate = o_tg_build_doorplate.id
    where
    w_nb.imei = dateDay.device_id
    and w_nb.org_id = #{dto.orgId}
    and dateDay.data_date = #{dto.dataDate}
    and w_nb.tg_build_doorplate in
    <foreach collection="ids" item="id" open="(" separator="," close=")">
      #{id}
    </foreach>
    <if test="dto.meterAddress!=null and dto.meterAddress != ''">
      AND w_nb.meter_address like  concat('%',#{dto.meterAddress,jdbcType=VARCHAR},'%')
    </if>
    <if test="dto.instLoc!=null and dto.instLoc != ''">
      AND w_nb.inst_loc like concat('%',#{dto.instLoc,jdbcType=VARCHAR},'%')
    </if>
    group by meter_address
    order by collTime desc
    <if test="dto.page!=null and dto.page != ''">
      LIMIT #{dto.currentPos}, #{dto.limit}
    </if>
  </select>

  <select id="getDateDayCount" resultType="java.lang.Integer">
    select count(*)  from
    (select w_nb.meter_address,
    w_nb.inst_loc,
    w_nb.name,
    o_tg_build_doorplate.bd_no as tgBuildDoorplate,
    max(dateDay.coll_time) as collTime,
    dateDay.data_date as dataDate,
    dateDay.upd_time as updTime,
    dateDay.real_sum_flow as realSumFlow
    from water_meter_day_read dateDay,w_nb
    left join o_tg_build_doorplate on w_nb.tg_build_doorplate = o_tg_build_doorplate.id
    where
    w_nb.imei = dateDay.device_id
    and w_nb.org_id = #{dto.orgId}
    AND dateDay.data_date = #{dto.dataDate}
    and w_nb.area_id = #{areaId}
    <if test="dto.meterAddress!=null and dto.meterAddress != ''">
      AND w_nb.meter_address like  concat('%',#{dto.meterAddress,jdbcType=VARCHAR},'%')
    </if>

    <if test="dto.instLoc!=null and dto.instLoc != ''">
      AND w_nb.inst_loc like concat('%',#{dto.instLoc,jdbcType=VARCHAR},'%')
    </if>
    group by meter_address) t
  </select>


  <select id="getDateDayCountByTgId" resultType="java.lang.Integer">
    select count(*)  from
    (select w_nb.meter_address,
    w_nb.inst_loc,
    w_nb.name,
    o_tg_build_doorplate.bd_no as tgBuildDoorplate,
    max(dateDay.coll_time) as collTime,
    dateDay.data_date as dataDate,
    dateDay.upd_time as updTime,
    dateDay.real_sum_flow as realSumFlow
    from water_meter_day_read dateDay,w_nb
    left join o_tg_build_doorplate on w_nb.tg_build_doorplate = o_tg_build_doorplate.id
    where
    w_nb.imei = dateDay.device_id
    and w_nb.org_id = #{dto.orgId}
    AND dateDay.data_date = #{dto.dataDate}
    and w_nb.tg_build_doorplate in
    <foreach collection="ids" item="id" open="(" separator="," close=")">
      #{id}
    </foreach>
    <if test="dto.meterAddress!=null and dto.meterAddress != ''">
      AND w_nb.meter_address like  concat('%',#{dto.meterAddress,jdbcType=VARCHAR},'%')
    </if>

    <if test="dto.instLoc!=null and dto.instLoc != ''">
      AND w_nb.inst_loc like concat('%',#{dto.instLoc,jdbcType=VARCHAR},'%')
    </if>
    group by meter_address) t
  </select>

  <insert id="batchInsert">
    insert into w_nb (WMTR_ID,meter_address,AREA_ID,INST_DATE,UPD_TIME,IMEI,NAME,TG_BUILD_DOORPLATE,ORG_ID)
    VALUES
    <foreach collection="list" item="dto" separator=",">
      (#{dto.wmtrId ,jdbcType=VARCHAR},#{dto.meterAddress, jdbcType=VARCHAR},#{dto.areaId, jdbcType=VARCHAR},
      #{dto.dataDate ,jdbcType=VARCHAR},#{dto.imei ,jdbcType=VARCHAR},#{dto.name, jdbcType=VARCHAR},#{dto.tgBuildDoorplate},#{dto.orgId})
    </foreach>
  </insert>

  <select id="getProtocol" resultType="com.entity.equipment.Protocol">
    select  * from protocol
  </select>
</mapper>