<?xml version="1.0" encoding="UTF-8" ?>
<!DOCTYPE mapper PUBLIC "-//mybatis.org//DTD Mapper 3.0//EN" "http://mybatis.org/dtd/mybatis-3-mapper.dtd" >
<mapper namespace="com.mapper.equipment.TermManagerMapper">

  <select id="getTerm"  resultType="com.dto.equipment.TermDTO">
    SELECT  *,o_area_grade.area_name as areaName
    FROM wired_term
    left join o_area_grade on wired_term.area_id = o_area_grade.id
    WHERE wired_term.ORG_ID = #{dto.orgId}
    <if test="dto.address!=null and dto.address != ''">
        and wired_term.address = #{dto.address}
    </if>
    <if test="dto.status!=null and dto.status != ''">
      and wired_term.status = #{dto.status}
    </if>
    <if test="dto.areaId!=null and dto.areaId != ''">
      and wired_term.area_id = #{dto.areaId}
    </if>
    order by wired_term.upd_time
    <if test="dto.page!=null and dto.page != ''">
      LIMIT #{dto.currentPos}, #{dto.limit}
    </if>
  </select>

  <select id="getCount" resultType="java.lang.Integer">
    SELECT  count(*)  FROM wired_term WHERE ORG_ID = #{dto.orgId}
    <if test="dto.address!=null and dto.address != ''">
      and wired_term.address = #{dto.address}
    </if>
    <if test="dto.status!=null and dto.status != ''">
      and wired_term.status = #{dto.status}
    </if>
    <if test="dto.areaId!=null and dto.areaId != ''">
      and wired_term.area_id = #{dto.areaId}
    </if>
  </select>

  <select id="getMeterOnTerm"  resultType="com.dto.equipment.WiredMeterDTO">
    SELECT  *
    FROM wired_meter
    WHERE ORG_ID = #{dto.orgId}
    <if test="dto.meterAddress!=null and dto.meterAddress != ''">
      and wired_meter.meter_address  like  concat('%',#{dto.meterAddress,jdbcType=VARCHAR},'%')
    </if>
    <if test="dto.isRelation ==null or dto.isRelation == ''">
      and wired_meter.term_id = #{dto.address}
    </if>
    <if test="dto.isRelation != null and dto.isRelation == 0">
      and wired_meter.term_id is not null
      and wired_meter.term_id = #{dto.address}
    </if>
    <if test="dto.isRelation != null and dto.isRelation == 1">
      and wired_meter.term_id is null
      and area_id = #{dto.areaId}
    </if>
    <if test="dto.page!=null and dto.page != ''">
      LIMIT #{dto.currentPos}, #{dto.limit}
    </if>
  </select>

  <select id="getReadCount"  resultType="java.lang.Integer">
    SELECT  count(*)
    FROM wired_meter
    WHERE ORG_ID = #{dto.orgId}
    <if test="dto.meterAddress!=null and dto.meterAddress != ''">
      and wired_meter.meter_address  like  concat('%',#{dto.meterAddress,jdbcType=VARCHAR},'%')
    </if>
    <if test="dto.isRelation ==null or dto.isRelation == ''">
      and wired_meter.term_id = #{dto.address}
    </if>
    <if test="dto.isRelation != null and dto.isRelation == 0">
      and wired_meter.term_id is not null
      and wired_meter.term_id = #{dto.address}
    </if>
    <if test="dto.isRelation != null and dto.isRelation == 1">
      and wired_meter.term_id is null
      and area_id = #{dto.areaId}
    </if>
    <if test="dto.meterType!=null and dto.meterType == 0">
      and wired_meter.meter_type = 0
    </if>
    <if test="dto.meterType!=null and dto.meterType == 4">
      and wired_meter.meter_type = 4
    </if>
  </select>

  <select id="validAddress" resultType="com.dto.equipment.TermDTO">
    select * from wired_term where address = #{address} and status = '0'
  </select>

  <select id="getByAddress" resultType="com.dto.equipment.TermDTO">
    select * from wired_term where address = #{address} and status = '0'
  </select>


  <select id="getTermByAreaId" resultType="com.dto.equipment.TermDTO">
    select * from wired_term where org_id = #{orgId}
    and status = '0'
    <if test="ids!=null and ids.size() > 0">
      and area_id in
      <foreach collection="ids" item="id" open="(" separator="," close=")">
        #{id}
      </foreach>
    </if>
  </select>

  <insert id="batchInsert">
    INSERT INTO wired_term
    (
    terminal_id, address, org_id,
    area_id, protocol_code, install_date, install_addr,name,status
    )
    VALUES
    <foreach collection="list" item="model" separator=",">
      (
      #{model.terminalId}, #{model.address}, #{model.orgId},
      #{model.areaId}, #{model.protocolCode}, #{model.installDate}, #{model.installAddr},#{model.name},'0'
      )
    </foreach>
  </insert>

  <select id="getMeterByTermId" resultType="java.lang.Integer">
    select count(*) from wired_meter where term_id in (select  address from wired_term where terminal_id = #{termId})
  </select>

  <delete id="deleteTerm">
    delete from wired_term where terminal_id = #{terminalId}
  </delete>

  <select id="getMeterByTermIdList" resultType="java.lang.Integer">
    select count(*) from wired_meter where term_id in (select address from wired_term where terminal_id in
    <foreach collection="ids" item="id" open="(" separator="," close=")">
      #{id}
    </foreach>)
  </select>

  <delete id="batchDeleteTerm">
    delete from wired_term where terminal_id in
    <foreach collection="ids" item="id" open="(" separator="," close=")">
      #{id}
    </foreach>
  </delete>

  <update id="setTermAddress">
    update wired_term set address = #{newAddress} where address = #{oldAddress} and status = '0'
  </update>

<!--  <select id="getByAddress" resultType="com.dto.equipment.TermDTO">-->
<!--    SELECT  *  FROM wired_term WHERE terminal_id = #{termId} and status = '0'-->
<!--  </select>-->

  <update id="updateWiredTermAddress">
    update wired_meter set term_id = #{dto.address} where term_id = #{dto.oldAddress}
  </update>
  
  <select id="getChangeTermLog" resultType="com.entity.log.ChangeTermLog">
    select change_term_log.*,o_user.name as userName,o_area_grade.area_name as areaName
    from change_term_log,o_user,o_area_grade
    where  change_term_log.op_user = o_user.id
    and  change_term_log.area_id = o_area_grade.id
    and  change_term_log.org_id = #{dto.orgId}
    <if test="dto.address!=null and dto.address != ''">
      and change_term_log.address = #{dto.address}
    </if>
    <if test="dto.areaId!=null and dto.areaId != '' ">
      and change_term_log.area_id  = #{dto.areaId}
    </if>
    <if test="dto.opUser!=null and dto.opUser != '' ">
      and change_term_log.op_user  = #{dto.opUser}
    </if>

    <if test="dto.startDate!= null and dto.endDate!=null ">
      and  (DATE_FORMAT( op_time, '%Y-%m-%d') BETWEEN DATE_FORMAT( #{dto.startDate}, '%Y-%m-%d')
      and DATE_ADD(DATE_FORMAT(  #{dto.endDate}, '%Y-%m-%d'),interval 1 DAY))
    </if>
    <if test="dto.page!=null and dto.page != ''">
      LIMIT #{dto.currentPos}, #{dto.limit}
    </if>
  </select>

  <select id="getChangeTermLogCount"  resultType="java.lang.Integer">
    select count(*)
    from change_term_log
    where change_term_log.org_id = #{dto.orgId}
    <if test="dto.address!=null and dto.address != ''">
      and change_term_log.address = #{dto.address}
    </if>
    <if test="dto.startDate!=null and dto.endDate!=null ">
      and  (DATE_FORMAT( op_time, '%Y-%m-%d') BETWEEN DATE_FORMAT( #{dto.startDate}, '%Y-%m-%d')
      and DATE_ADD(DATE_FORMAT(  #{dto.endDate}, '%Y-%m-%d'),interval 1 DAY))
    </if>
  </select>
</mapper>