<?xml version="1.0" encoding="UTF-8" ?>
<!DOCTYPE mapper PUBLIC "-//mybatis.org//DTD Mapper 3.0//EN" "http://mybatis.org/dtd/mybatis-3-mapper.dtd" >
<mapper namespace="com.mapper.equipment.WiredMeterMapper">

  <select id="getMeter"  resultType="com.dto.equipment.WiredMeterDTO">
    SELECT
    id AS 'id',
    meter_address AS 'meterAddress',
    inst_loc AS 'instLoc',
    inst_time AS 'instTime',
    meter_type AS 'meterType',
    wired_meter.org_id AS 'orgId',
    wired_meter.area_id AS 'areaId',
    TG_BUILD_DOORPLATE AS 'tgBuildDoorplate',
    term_id AS 'termId',
    channel as 'channel',
    pn as 'pn',
    protocol as 'protocol',
    uartbps as 'uartbps',
    wired_term.model_type as 'modelType',
    wired_meter.NAME AS 'name'
    FROM wired_meter,wired_term
    WHERE wired_meter.ORG_ID = #{dto.orgId}
    and wired_term.address = wired_meter.term_id
    and wired_term.area_id = wired_meter.area_id
    <if test="areaId !=null and areaId != ''">
      AND wired_meter.AREA_ID = #{areaId}
    </if>
    <if test="bids!=null and bids.size() > 0 ">
      AND tg_build_doorplate IN
      <foreach collection="bids" item="id" open="(" separator="," close=")">
        #{id}
      </foreach>
    </if>
    <if test="dto.meterAddress!=null and dto.meterAddress != ''">
      AND meter_address like concat('%',#{dto.meterAddress,jdbcType=VARCHAR},'%')
    </if>
    <if test="dto.meterType!=null and dto.meterType != ''">
      AND meter_type = #{dto.meterType}
    </if>
    <if test="dto.page!=null and dto.page != ''">
      LIMIT #{dto.currentPos}, #{dto.limit}
    </if>
  </select>

  <select id="getCount" resultType="java.lang.Integer">
    select count(*)   FROM wired_meter
    WHERE ORG_ID = #{dto.orgId}
    <if test="areaId !=null and areaId != ''">
      AND AREA_ID = #{areaId}
    </if>

    <if test="bids!=null and bids.size() > 0 ">
      AND tg_build_doorplate IN
      <foreach collection="bids" item="areaId" open="(" separator="," close=")">
        #{areaId}
      </foreach>
    </if>
    <if test="dto.meterType!=null and dto.meterType != ''">
      AND meter_type = #{dto.meterType}
    </if>
    <if test="dto.meterAddress!=null and dto.meterAddress != ''">
      AND meter_address like  concat('%',#{dto.meterAddress,jdbcType=VARCHAR},'%')
    </if>
  </select>


  <select id="getDateByAreaIdAndOrgId" resultType="com.dto.equipment.MeterDayDataDTO">
    select  wired_meter.meter_address as meterAddress,
    wired_meter.inst_loc as instLoc,
    o_tg_build_doorplate.bd_no as bdNo,
    wired_meter.name as name,
    dateDay.data_date as dataDate,
    dateDay.coll_time as collTime,
    dateDay.real_sum_flow as realSumFlow,
    wired_term.name as termName,
    wired_term.address as termAddress
    from wired_meter_day_read dateDay,wired_meter,wired_term,o_tg_build_doorplate
    where
    dateDay.meter_address = wired_meter.meter_address
    and dateDay.term_address = wired_meter.term_id
    and wired_meter.term_id = wired_term.address
    and wired_meter.tg_build_doorplate = o_tg_build_doorplate.id
    and wired_meter.org_id = #{dto.orgId}
    AND dateDay.data_date = #{date}
    and wired_term.status = '0'
    and wired_meter.area_id = #{dto.areaId}
    <if test="dto.meterType!=null and dto.meterType == 1">
      and wired_meter.meter_type = '4'
    </if>
    <if test="dto.meterType!=null and dto.meterType == 2">
      and wired_meter.meter_type = '0'
    </if>
    <if test="dto.meterAddress!=null and dto.meterAddress != ''">
      AND wired_meter.meter_address like  concat('%',#{dto.meterAddress,jdbcType=VARCHAR},'%')
    </if>

    <if test="dto.instLoc!=null and dto.instLoc != ''">
      AND wired_meter.inst_loc like concat('%',#{dto.instLoc,jdbcType=VARCHAR},'%')
    </if>

    <if test="dto.page!=null and dto.page != ''">
      LIMIT #{dto.currentPos}, #{dto.limit}
    </if>
  </select>

  <select id="getDataByTgIdAndOrgId" resultType="com.dto.equipment.MeterDayDataDTO">
    select  wired_meter.meter_address as meterAddress,
    wired_meter.inst_loc as instLoc,
    o_tg_build_doorplate.bd_no as bdNo,
    wired_meter.name as name,
    dateDay.data_date as dataDate,
    dateDay.coll_time as collTime,
    dateDay.real_sum_flow as realSumFlow,
    wired_term.model_type as modelType,
    wired_term.name as termName,
    wired_term.address as termAddress
    from wired_meter_day_read dateDay,wired_meter,wired_term,o_tg_build_doorplate
    where
    dateDay.meter_address = wired_meter.meter_address
    and dateDay.term_address = wired_meter.term_id
    and wired_meter.term_id = wired_term.address
    and wired_meter.tg_build_doorplate = o_tg_build_doorplate.id
    and wired_meter.org_id = #{dto.orgId}
    AND dateDay.data_date = #{date}
    and wired_term.status = '0'
    and wired_meter.tg_build_doorplate in
    <foreach collection="ids" item="id" open="(" separator="," close=")">
      #{id}
    </foreach>
    <if test="dto.meterType!=null and dto.meterType == 1">
      and wired_meter.meter_type = '4'
    </if>
    <if test="dto.meterType!=null and dto.meterType == 2">
      and wired_meter.meter_type = '0'
    </if>
    <if test="dto.meterAddress!=null and dto.meterAddress != ''">
      AND wired_meter.meter_address like  concat('%',#{dto.meterAddress,jdbcType=VARCHAR},'%')
    </if>

    <if test="dto.instLoc!=null and dto.instLoc != ''">
      AND wired_meter.inst_loc like concat('%',#{dto.instLoc,jdbcType=VARCHAR},'%')
    </if>

    <if test="dto.page!=null and dto.page != ''">
      LIMIT #{dto.currentPos}, #{dto.limit}
    </if>
  </select>

  <select id="get818Meter" resultType="com.dto.equipment.MeterDayDataDTO">
        select  wired_meter.id as id,
        wired_meter.meter_address as meterAddress,
    wired_meter.inst_loc as instLoc,
    o_tg_build_doorplate.bd_no as bdNo,
    wired_meter.name as name,
    wired_term.name as termName,
    wired_term.address as termAddress,
    wired_term.model_type as modelType,
    cl6904_kl2022_relation.meter_id as meterId
    from wired_meter,wired_term,o_tg_build_doorplate,cl6904_kl2022_relation
    where  wired_meter.term_id = wired_term.address
    and wired_meter.tg_build_doorplate = o_tg_build_doorplate.id
    and wired_term.area_id = #{areaId}
    <if test="ids!=null and ids.size() > 0 ">
      and wired_meter.tg_build_doorplate in
      <foreach collection="ids" item="id" open="(" separator="," close=")">
        #{id}
      </foreach>
    </if>
    and wired_meter.term_id = wired_term.address
    and wired_term.model_type = '1'
    and wired_meter.id = cl6904_kl2022_relation.wired_meter_id
  </select>

  <select id="getDateDayCount" resultType="java.lang.Integer">
    select count(*)
    from wired_meter,wired_meter_day_read dateDay,wired_term
    where
    dateDay.meter_address = wired_meter.meter_address
    and dateDay.term_address = wired_meter.term_id
    and wired_meter.term_id = wired_term.address
    and wired_meter.org_id = #{dto.orgId}
    AND dateDay.data_date = #{date}
    and wired_term.status = '0'
    and wired_meter.area_id = #{dto.areaId}
    <if test="dto.meterType!=null and dto.meterType == 1">
      and wired_meter.meter_type = '4'
    </if>
    <if test="dto.meterType!=null and dto.meterType == 2">
      and wired_meter.meter_type = '0'
    </if>
    <if test="dto.meterAddress!=null and dto.meterAddress != ''">
      AND wired_meter.meter_address like  concat('%',#{dto.meterAddress,jdbcType=VARCHAR},'%')
    </if>

    <if test="dto.instLoc!=null and dto.instLoc != ''">
      AND wired_meter.inst_loc like concat('%',#{dto.instLoc,jdbcType=VARCHAR},'%')
    </if>
  </select>

  <select id="getDateDayCountByTgId" resultType="java.lang.Integer">
    select count(*)
    from wired_meter,wired_meter_day_read dateDay,wired_term
    where
    dateDay.meter_address = wired_meter.meter_address
    and dateDay.term_address = wired_meter.term_id
    and wired_meter.term_id = wired_term.address
    and wired_meter.org_id = #{dto.orgId}
    AND dateDay.data_date = #{date}
    and wired_term.status = '0'
    and wired_meter.tg_build_doorplate in
    <foreach collection="ids" item="id" open="(" separator="," close=")">
      #{id}
    </foreach>
    <if test="dto.meterType!=null and dto.meterType == 1">
      and wired_meter.meter_type = '4'
    </if>
    <if test="dto.meterType!=null and dto.meterType == 2">
      and wired_meter.meter_type = '0'
    </if>
    <if test="dto.meterAddress!=null and dto.meterAddress != ''">
      AND wired_meter.meter_address like  concat('%',#{dto.meterAddress,jdbcType=VARCHAR},'%')
    </if>

    <if test="dto.instLoc!=null and dto.instLoc != ''">
      AND wired_meter.inst_loc like concat('%',#{dto.instLoc,jdbcType=VARCHAR},'%')
    </if>
  </select>

  <insert id="addDayData">
    insert into wired_meter_day_read values(#{dto.id},#{dto.collTime},#{dto.realSumFlow},#{dto.meterAddress},
    #{dto.dataDate},#{dto.updTime},0,#{dto.termAddress})
  </insert>

  <insert id="batchInsertWired">
    INSERT INTO wired_meter
    (
    id, meter_address, name,org_id,
    area_id, tg_build_doorplate, term_id
    )
    VALUES
    <foreach collection="list" item="model" separator=",">
      (
      #{model.id}, #{model.meterAddress}, #{model.name},#{model.orgId}
      #{model.areaId}, #{model.tgBuildDoorplate}, #{model.termId}
      )
    </foreach>
  </insert>

  <update id="updateTermAddress">
    update wired_meter set term_id = #{newAddress} where term_id = #{oldAddress}
  </update>
</mapper>