<?xml version="1.0" encoding="UTF-8" ?>
<!DOCTYPE mapper PUBLIC "-//mybatis.org//DTD Mapper 3.0//EN" "http://mybatis.org/dtd/mybatis-3-mapper.dtd" >
<mapper namespace="com.mapper.organization.BDGradeMapper">

  <select id="getAllBDGradeByAreaId" resultType="com.dto.organization.BDGradeDTO">
     SELECT
      o_tg_build_doorplate.ID AS 'id',
            bd_no AS bd_no,
            bd_name AS bdName,
            ORG_ID AS orgId,
      o_tg_build_doorplate.PARENT_ID AS parentId,
            area_id as areaId,
            REMARK AS 'remark',
            UPD_TIME AS updTime,
			b.parentName
        FROM o_tg_build_doorplate
         left join
        (select id,parent_id	,bd_name as parentName from o_tg_build_doorplate) b
        on o_tg_build_doorplate.parent_id = b.id
        WHERE  ORG_ID = #{dto.orgId}
        and area_id = #{dto.areaId}
      <if test="dto.bdName!=null and dto.bdName != ''">
          AND bd_name like  CONCAT('%','${dto.bdName}','%' )
        </if>
        ORDER  BY  UPD_TIME DESC
        <if test="dto.page!=null and dto.page != ''">
          LIMIT #{dto.currentPos}, #{dto.limit}
        </if>
    </select>

    <select id="getBDGradeNumber" resultType="java.lang.Integer">
        select count(*) from o_tg_build_doorplate
            where org_id = #{dto.orgId}
            and area_id = #{dto.areaId}
            <if test="dto.bdName!=null and dto.bdName != ''">
                AND bd_name like  CONCAT('%','${dto.bdName}','%' )
            </if>
    </select>

    <select id="getBDGradeToSel" resultType="com.dto.organization.BDGradeDTO">
        SELECT
        o_tg_build_doorplate.ID AS 'id',
        bd_no AS bd_no,
        bd_name AS bdName,
        ORG_ID AS orgId,
        o_tg_build_doorplate.PARENT_ID AS parentId,
        area_id as areaId,
        REMARK AS 'remark',
        UPD_TIME AS updTime,
        b.parentName
        FROM o_tg_build_doorplate
        left join
        (select id,parent_id	,bd_name as parentName from o_tg_build_doorplate) b
        on o_tg_build_doorplate.parent_id = b.id
        WHERE  ORG_ID = #{dto.orgId}
        and area_id = #{dto.areaId}
        and o_tg_build_doorplate.id != #{dto.id}
        ORDER  BY  UPD_TIME DESC
    </select>
</mapper>