<?xml version="1.0" encoding="UTF-8" ?>
<!DOCTYPE mapper PUBLIC "-//mybatis.org//DTD Mapper 3.0//EN" "http://mybatis.org/dtd/mybatis-3-mapper.dtd" >
<mapper namespace="com.mapper.organization.GradeMapper">

    <select id="findIdByOrgId"  resultType="java.lang.String">
        SELECT id FROM o_area_grade
        where org_id  = #{orgId}
        <if test="areaId!=null and areaId != '' ">
            and  parent_id = #{areaId}
        </if>
        order by upd_time desc
    </select>

  <select id="getAllGradeIdByOrgId" resultType="com.dto.organization.GradeDTO">
     SELECT
      o_area_grade.ID AS 'id',
            AREA_NO AS areaNo,
            AREA_NAME AS areaName,
            ORG_ID AS orgId,
            o_area_grade.PARENT_ID AS parentId,
            EMAIL AS 'email',
            REMARK AS 'remark',
            UPD_TIME AS updTime,
			b.parentName
        FROM o_area_grade
         left join
        (select id,parent_id	,area_name as parentName from o_area_grade) b
        on o_area_grade.parent_id = b.id
        WHERE  ORG_ID = #{dto.orgId}
        <if test="dto.areaName!=null and dto.areaName != ''">
          AND area_name like  CONCAT('%','${dto.areaName}','%' )
        </if>
        <if test="dto.id !=null and dto.id != ''">
         and o_area_grade.id = #{dto.id}
        </if>
        ORDER  BY  UPD_TIME DESC
        <if test="dto.page!=null and dto.page != ''">
          LIMIT #{dto.currentPos}, #{dto.limit}
        </if>
    </select>

    <select id="getGradeNumber" resultType="java.lang.Integer">
        select count(*) from o_area_grade where org_id = #{dto.orgId}
        <if test="dto.areaName!=null and dto.areaName != ''">
            AND area_name like CONCAT('%','${dto.areaName}','%' )
        </if>
    </select>

    <select id="getGradeToSel" resultType="com.dto.organization.GradeDTO">
        SELECT
        o_area_grade.ID AS 'id',
        AREA_NO AS areaNo,
        AREA_NAME AS areaName,
        ORG_ID AS orgId,
        o_area_grade.PARENT_ID AS parentId,
        EMAIL AS 'email',
        REMARK AS 'remark',
        UPD_TIME AS updTime,
        b.parentName
        FROM o_area_grade
        left join
        (select id,parent_id	,area_name as parentName from o_area_grade) b
        on o_area_grade.parent_id = b.id
        WHERE  ORG_ID = #{dto.orgId}
        <if test="id!=null and id != ''">
            and o_area_grade.id = #{id}
        </if>
        <if test="dto.areaName!=null and dto.areaName != ''">
            AND area_name like  CONCAT('%','${dto.areaName}','%' )
        </if>
        ORDER  BY  UPD_TIME DESC
    </select>

    <select id="getInstLocById" resultType="java.lang.String">
        select concat(a.area_name,a.bd_name) from
        (select area_name,bd_name from o_area_grade,o_tg_build_doorplate
         where o_area_grade.id = #{areaId} and o_tg_build_doorplate.id = #{tgBuildDoorplate}
         ) a
    </select>

    <select id="isHaveGrade" resultType="java.lang.Integer">
        select count(*) from o_org where account = #{account}
    </select>

    <select id="getGradeList" resultType="com.dto.organization.BuildDTO">
        SELECT
        id as 'id',
        id as 'areaId',
        area_no as 'no',
        area_name as 'name',
        area_name as 'areaName',
        o_area_grade.email,o_area_grade.remark,
        null as 'parentName',
        o_org.org_id as 'orgId',
        o_org.org_name as 'orgName'
        FROM o_area_grade,o_org
        WHERE  o_area_grade.ORG_ID = #{dto.orgId}
        and o_area_grade.org_id = o_org.org_id
        <if test="dto.name !=null and dto.name != ''">
            AND area_name like  CONCAT('%','${dto.name}','%' )
        </if>
        ORDER  BY  o_area_grade.UPD_TIME DESC
        <if test="dto.page!=null and dto.page != ''">
            LIMIT #{dto.currentPos}, #{dto.limit}
        </if>
    </select>

    <select id="getGradeListCount" resultType="java.lang.Integer">
        SELECT count(*)
        FROM o_area_grade
        WHERE   ORG_ID = #{dto.orgId}
        <if test="dto.name!=null and dto.name != ''">
            AND area_name like  CONCAT('%','${dto.name}','%' )
        </if>
        ORDER  BY  UPD_TIME DESC
    </select>


    <select id="getGrade" resultType="com.dto.organization.BuildDTO">
        select
            id as 'id',
            id as 'areaId',
            area_no as 'no',
            area_name as 'name',
            area_name as 'area_name',
        o_area_grade.email,o_area_grade.remark,
        null as 'parentName',
        o_org.org_id as 'orgId',
            o_org.org_name as 'orgName'
        from o_area_grade,o_org
        where id  = #{dto.areaId}
        and o_org.org_id = #{dto.orgId}
        <if test="dto.name!=null and dto.name != ''">
            AND o_area_name.name like  CONCAT('%','${dto.name}','%' )
        </if>
        ORDER  BY  o_area_grade.UPD_TIME DESC
    </select>

    <select id="getAreaList" resultType="com.dto.organization.BuildDTO">

        select * from
        (
        select
        id as 'id',
        id as 'areaId',
        null as 'tgBuildDoorplate',
        area_no as 'no',
        area_name as 'name',
        o_area_grade.email,o_area_grade.remark,
        area_name as 'areaName',
        null as 'parentId',
        o_org.org_id as 'orgId',
        o_org.org_name as 'orgName'
        from o_area_grade,o_org
        where id  = #{dto.areaId}
        and o_org.org_id = #{dto.orgId}
        union all
        select
        o_tg_build_doorplate.id as 'id',
        o_tg_build_doorplate.area_id as 'areaId',
        o_tg_build_doorplate.id as 'tgBuildDoorplate',
        bd_no as 'no',
        bd_name as 'name',
        null as 'email',o_tg_build_doorplate.remark as'remark',
        area_name as 'areaName',
        o_tg_build_doorplate.parent_id as 'parentId',
        o_org.org_id as 'orgId',
        o_org.org_name as 'orgName'
        from o_tg_build_doorplate,o_org,o_area_grade
        where o_tg_build_doorplate.area_id = #{dto.areaId}
        and o_org.org_id = #{dto.orgId}
        <if test="dto.tgBuildDoorplate!=null and dto.tgBuildDoorplate != ''">
            and o_tg_build_doorplate.id = #{dto.tgBuildDoorplate}
        </if>
        and o_area_grade.id = #{dto.areaId}
        and o_tg_build_doorplate.parent_id is null
        ) a
        <if test="dto.name!=null and dto.name != ''">
            where a.name like  CONCAT('%','${dto.name}','%' )
        </if>
        <if test="dto.page!=null and dto.page != ''">
            LIMIT #{dto.currentPos}, #{dto.limit}
        </if>
    </select>

    <select id="getAreaListCount" resultType="java.lang.Integer">
        select count(*) from
        (
        select
        id as 'id',
        id as 'areaId',
        null as 'tgBuildDoorplate',
        area_no as 'no',
        area_name as 'name',
        o_area_grade.email,o_area_grade.remark,
        area_name as 'areaName',
        null as 'parentId',
        o_org.org_id as 'orgId',
        o_org.org_name as 'orgName'
        from o_area_grade,o_org
        where id  = #{dto.areaId}
        and o_org.org_id = #{dto.orgId}
        union all
        select
        o_tg_build_doorplate.id as 'id',
        o_tg_build_doorplate.area_id as 'areaId',
        o_tg_build_doorplate.id as 'tgBuildDoorplate',
        bd_no as 'no',
        bd_name as 'name',
        null as 'email',o_tg_build_doorplate.remark as'remark',
        area_name as 'areaName',
        o_tg_build_doorplate.parent_id as 'parentId',
        o_org.org_id as 'orgId',
        o_org.org_name as 'orgName'
        from o_tg_build_doorplate,o_org,o_area_grade
        where o_tg_build_doorplate.area_id = #{dto.areaId}
        and o_org.org_id = #{dto.orgId}
        and o_area_grade.id = #{dto.areaId}
        and o_tg_build_doorplate.parent_id is null
        ) a
        <if test="dto.name!=null and dto.name != ''">
            AND a.name like  CONCAT('%','${dto.name}','%' )
        </if>
    </select>
    <select id="getTgList" resultType="com.dto.organization.BuildDTO">
        SELECT
        o_tg_build_doorplate.id as 'id',
        o_tg_build_doorplate.id as 'tgBuildDoorplate',
        o_tg_build_doorplate.area_id as 'areaId',
        bd_no as 'no',
        o_tg_build_doorplate.parent_id as 'parentId',
        bd_name as 'name',o_tg_build_doorplate.remark,
        o_org.org_id as 'orgId',
        o_area_grade.area_name as 'areaName',
        org_name as 'orgName'
        FROM o_tg_build_doorplate,o_area_grade,o_org
        WHERE  o_org.ORG_ID = #{dto.orgId}
        and (o_tg_build_doorplate.id = #{dto.tgBuildDoorplate}
        or o_tg_build_doorplate.parent_id = #{dto.tgBuildDoorplate})
        and o_tg_build_doorplate.AREA_ID = o_area_grade.id
        <if test="dto.name!=null and dto.name != ''">
            AND o_tg_build_doorplate.bd_name like  CONCAT('%','${dto.name}','%' )
        </if>
        ORDER  BY  o_area_grade.UPD_TIME DESC
        <if test="dto.page!=null and dto.page != ''">
            LIMIT #{dto.currentPos}, #{dto.limit}
        </if>
    </select>

    <select id="getTgListCount" resultType="java.lang.Integer">
        SELECT
        count(*)
        FROM o_tg_build_doorplate
        WHERE (o_tg_build_doorplate.id = #{dto.tgBuildDoorplate}
        or o_tg_build_doorplate.parent_id = #{dto.tgBuildDoorplate})
        <if test="dto.name!=null and dto.name != ''">
            AND o_tg_build_doorplate.bd_name like  CONCAT('%','${dto.name}','%' )
        </if>
    </select>
</mapper>