<?xml version="1.0" encoding="UTF-8" ?>
<!DOCTYPE mapper PUBLIC "-//mybatis.org//DTD Mapper 3.0//EN" "http://mybatis.org/dtd/mybatis-3-mapper.dtd" >
<mapper namespace="com.mapper.equipment.DayDataManagerMapper">

  <select id="oldWaterDayData" resultType="com.dto.equipment.MeterDayDataDTO">
    select d_wmtr.wmtr_no as meterAddress,
    d_wmtr.inst_loc as instLoc,
    o_tg_build_doorplate.bd_no as bdNo,
    dateDay.data_date as dataDate,
    dateDay.coll_time as collTime,
    dateDay.real_sum_flow as realSumFlow
    from e_water_meter_day_r dateDay,d_wmtr
    left join o_tg_build_doorplate on d_wmtr.tg_build_doorplate = o_tg_build_doorplate.id
    where
    d_wmtr.wmtr_id = dateDay.device_id
    and d_wmtr.org_id = #{dto.orgId}
    AND dateDay.data_date = #{date}
    and d_wmtr.area_id in
    <foreach collection="ids" item="id" open="(" separator="," close=")">
      #{id}
    </foreach>
    <if test="dto.meterAddress!=null and dto.meterAddress != ''">
      AND d_wmtr.WMTR_NO = #{dto.meterAddress,jdbcType=VARCHAR}
    </if>

    <if test="dto.instLoc!=null and dto.instLoc != ''">
      AND d_wmtr.inst_loc like concat('%',#{dto.instLoc,jdbcType=VARCHAR},'%')
    </if>

    <if test="dto.page!=null and dto.page != ''">
      LIMIT #{dto.currentPos}, #{dto.limit}
    </if>
  </select>

  <select id="getOldDataCount" resultType="java.lang.Integer">
    select count(*)
    from d_wmtr,e_water_meter_day_r dateDay,o_tg_build_doorplate
    where
    d_wmtr.wmtr_no = dateDay.device_id
    and d_wmtr.tg_build_doorplate = o_tg_build_doorplate.id
    and d_wmtr.org_id = #{dto.orgId}
    AND dateDay.data_date = #{date}
    and d_wmtr.area_id in
    <foreach collection="ids" item="id" open="(" separator="," close=")">
      #{id}
    </foreach>
    <if test="dto.meterAddress!=null and dto.meterAddress != ''">
      AND d_wmtr.WMTR_NO = #{dto.meterAddress,jdbcType=VARCHAR}
    </if>

    <if test="dto.instLoc!=null and dto.instLoc != ''">
      AND d_wmtr.inst_loc like concat('%',#{dto.instLoc,jdbcType=VARCHAR},'%')
    </if>

    <if test="dto.page!=null and dto.page != ''">
      LIMIT #{dto.currentPos}, #{dto.limit}
    </if>
  </select>


  <insert id="BatchInsertWired">
    INSERT INTO wired_meter_day_read
    (
    id, coll_time, real_sum_flow,
    meter_address, data_date, upd_time, version
    )
    VALUES
    <foreach collection="list" item="model" separator=",">
      (
      #{model.id}, #{model.collTime}, #{model.realSumFlow},
       #{model.meterAddress}, #{model.dataDate}, #{model.updTime}, '0'
      )
    </foreach>
  </insert>

  <insert id="BatchInsertNB">
    INSERT INTO water_meter_day_read
    (
    id, coll_time, real_sum_flow,
    device_id, data_date, upd_time, version
    )
    VALUES
    <foreach collection="list" item="model" separator=",">
      (
      #{model.id}, #{model.collTime}, #{model.realSumFlow},
      #{model.meterAddress}, #{model.dataDate}, #{model.updTime}, '0'
      )
    </foreach>
  </insert>

  <select id="getDataByDay" resultType="com.dto.equipment.NBDTO">
    select
    w_nb.meter_address,
    w_nb.inst_loc,
    w_nb.name,
    o_tg_build_doorplate.bd_no as tgBuildDoorplate,
    dateDay.coll_time as collTime,
    dateDay.data_date as dataDate,
    dateDay.upd_time as updTime,
    dateDay.real_sum_flow as realSumFlow,
    dateDay.csq as csq,
    dateDay.rsrp as rsrp,
    dateDay.snr as snr,
    dateDay.water_current_date as waterCurrentDate,
    dateDay.ecl as ecl,
    dateDay.run_status as runStatus
    from water_meter_day_read dateDay,w_nb
    left join o_tg_build_doorplate on w_nb.tg_build_doorplate = o_tg_build_doorplate.id
    where
    w_nb.imei = dateDay.device_id
    and w_nb.org_id = #{dto.orgId}
    AND dateDay.data_date = #{dto.dataDate}
    and w_nb.meter_address = #{dto.meterAddress}
    order by coll_time desc
    <if test="dto.page!=null and dto.page != ''">
      LIMIT #{dto.currentPos}, #{dto.limit}
    </if>
  </select>

  <select id="getDataByDayCount" resultType="java.lang.Integer">
    select count(*) from (
    select
    w_nb.meter_address,
    w_nb.inst_loc,
    w_nb.name,
    o_tg_build_doorplate.bd_no as tgBuildDoorplate,
    dateDay.coll_time as collTime,
    dateDay.data_date as dataDate,
    dateDay.upd_time as updTime,
    dateDay.real_sum_flow as realSumFlow,
    dateDay.csq as csq,
    dateDay.rsrp as rsrp,
    dateDay.snr as snr,
    dateDay.water_current_date as waterCurrentDate,
    dateDay.ecl as ecl,
    dateDay.run_status as runStatus
    from water_meter_day_read dateDay,w_nb
    left join o_tg_build_doorplate on w_nb.tg_build_doorplate = o_tg_build_doorplate.id
    where
    w_nb.imei = dateDay.device_id
    and w_nb.org_id = #{dto.orgId}
    AND dateDay.data_date = #{dto.dataDate}
    and w_nb.meter_address = #{dto.meterAddress}
    ) t
  </select>

  <select id="getDataByMonth" resultType="com.dto.equipment.NBDTO">
    select
    w_nb.meter_address,
    w_nb.inst_loc,
    w_nb.name,
    o_tg_build_doorplate.bd_no as tgBuildDoorplate,
    dateDay.coll_time as collTime,
    dateDay.data_date as dataDate,
    dateDay.upd_time as updTime,
    dateDay.real_sum_flow as realSumFlow,
    dateDay.csq as csq,
    dateDay.rsrp as rsrp,
    dateDay.snr as snr,
    dateDay.water_current_date as waterCurrentDate,
    dateDay.ecl as ecl,
    dateDay.run_status as runStatus
    from water_meter_day_read dateDay,w_nb
    left join o_tg_build_doorplate on w_nb.tg_build_doorplate = o_tg_build_doorplate.id
    where
    w_nb.imei = dateDay.device_id
    and w_nb.org_id = #{dto.orgId}
    AND dateDay.data_date like #{dto.dataDate}
    and w_nb.meter_address = #{dto.meterAddress}
    group by dataDate
    order by dataDate desc
    <if test="dto.page!=null and dto.page != ''">
      LIMIT #{dto.currentPos}, #{dto.limit}
    </if>
  </select>

  <select id="getDataByMonthCount" resultType="java.lang.Integer">
    select count(*) from (
    select
    w_nb.meter_address,
    w_nb.inst_loc,
    w_nb.name,
    o_tg_build_doorplate.bd_no as tgBuildDoorplate,
    dateDay.coll_time as collTime,
    dateDay.data_date as dataDate,
    dateDay.upd_time as updTime,
    dateDay.real_sum_flow as realSumFlow,
    dateDay.csq as csq,
    dateDay.rsrp as rsrp,
    dateDay.snr as snr,
    dateDay.water_current_date as waterCurrentDate,
    dateDay.ecl as ecl,
    dateDay.run_status as runStatus
    from water_meter_day_read dateDay,w_nb
    left join o_tg_build_doorplate on w_nb.tg_build_doorplate = o_tg_build_doorplate.id
    where
    w_nb.imei = dateDay.device_id
    and w_nb.org_id = #{dto.orgId}
    AND dateDay.data_date  like #{dto.dataDate}
    and w_nb.meter_address = #{dto.meterAddress}
    group by dataDate
    ) t
  </select>

  <select id="getWiredMouthData" resultType="com.dto.equipment.WiredMeterDTO">
    select
    wired_meter.meter_address,
    wired_meter.term_id,
    wired_meter.inst_loc,
    wired_meter.name,
    o_tg_build_doorplate.bd_no as tgBuildDoorplate,
    dateDay.coll_time as collTime,
    dateDay.data_date as dataDate,
    dateDay.real_sum_flow as realSumFlow,
    wired_meter.channel ,
    wired_meter.protocol,
    wired_meter.uartbps
    from wired_meter_day_read dateDay,wired_meter
    left join o_tg_build_doorplate on wired_meter.tg_build_doorplate = o_tg_build_doorplate.id
    where
    wired_meter.meter_address = dateDay.meter_address
    and wired_meter.term_id = dateDay.term_address
    and wired_meter.meter_address =#{dto.meterAddress}
    and wired_meter.meter_type = #{dto.meterType}
    and wired_meter.term_id = #{dto.termId}
    and wired_meter.org_id = #{dto.orgId}
    AND dateDay.data_date like #{dto.dataDate}
    group by dataDate
    order by dataDate desc
    <if test="dto.page!=null and dto.page != ''">
      LIMIT #{dto.currentPos}, #{dto.limit}
    </if>
  </select>

  <select id="getWiredMouthDataCount" resultType="java.lang.Integer">
    select count(1) from (
    select
    wired_meter.meter_address,
    wired_meter.term_id,
    wired_meter.inst_loc,
    wired_meter.name,
    o_tg_build_doorplate.bd_no as tgBuildDoorplate,
    dateDay.coll_time as collTime,
    dateDay.data_date as dataDate,
    dateDay.real_sum_flow as realSumFlow,
    wired_meter.channel ,
    wired_meter.protocol,
    wired_meter.uartbps
    from wired_meter_day_read dateDay,wired_meter
    left join o_tg_build_doorplate on wired_meter.tg_build_doorplate = o_tg_build_doorplate.id
    where
    wired_meter.meter_address = dateDay.meter_address
    and wired_meter.term_id = dateDay.term_address
    and wired_meter.meter_type = #{dto.meterType}
    and wired_meter.meter_address =#{dto.meterAddress}
    and wired_meter.term_id = #{dto.termId}
    and wired_meter.org_id = #{dto.orgId}
    AND dateDay.data_date like #{dto.dataDate}
    group by dataDate
   ) a
  </select>

  <select id="warningDayData" resultType="com.dto.equipment.MeterDayDataDTO">
        select area.area_name as instLoc,
                nb.meter_address meterAddress,
                nb.imei as imei,
                dayData.coll_time as collTime,
                dayData.water_current_date as waterCurrentDate
        from w_nb nb,
              water_meter_day_read dayData,
              o_area_grade area
        where nb.imei = dayData.device_id
        and area.id = nb.area_id
        and dayData.coll_time &gt; #{startTime}
        and dayData.coll_time &lt; #{endTime}
        and dayData.coll_time - dayData.water_current_date > 1000*60*60*2
  </select>

  <select id="getDayReportCount" resultType="java.lang.Integer">
    select count(*) from
    (select distinct device_id from water_meter_day_read
    where device_id in( select imei from w_nb where area_id = #{id} )
--     and proto_code = 'NEWPROTO'
    and data_date = #{str}) a
  </select>

  <select id="getDayReportCountByTgId" resultType="java.lang.Integer">
    select count(*) from
    (select distinct device_id from water_meter_day_read
    where device_id in( select imei from w_nb where tg_build_doorplate in
    <foreach collection="ids" item="id" open="(" separator="," close=")">
      #{id}
    </foreach> )
--     and proto_code = 'NEWPROTO'
    and data_date = #{str}) a
  </select>

  <select id="getAllByAreaId" resultType="java.lang.Integer">
    select count(*) from w_nb where area_id = #{id}
--     and proto_code = 'NEWPROTO'
  </select>

  <select id="getAllByTgId" resultType="java.lang.Integer">
    select count(*) from w_nb where tg_build_doorplate in
    <foreach collection="ids" item="id" open="(" separator="," close=")">
      #{id}
    </foreach>
  </select>

  <select id="getNbByTgId" resultType="java.lang.Integer">
    select count(*) from w_nb where tg_build_doorplate in
    <foreach collection="ids" item="id" open="(" separator="," close=")">
      #{id}
    </foreach>
    and proto_code = 'NEWPROTO'
  </select>

  <select id="getNbByAreaId" resultType="java.lang.Integer">
    select count(*) from w_nb where area_id = #{id}    and proto_code = 'NEWPROTO'
  </select>

  <select id="getCountByDateAndAreaId" resultType="java.lang.Integer">
    select count(1) from(
     select * from water_meter_day_read where device_id in(
    select imei from w_nb where area_id = #{id}
    ) and data_date = #{date}
    group by device_id
    ) a
  </select>

  <select id="getCountByDateAndTgId" resultType="java.lang.Integer">
    select count(1) from(
     select * from water_meter_day_read where device_id in(
    select imei from w_nb where tg_build_doorplate in
    <foreach collection="ids" item="id" open="(" separator="," close=")">
      #{id}
    </foreach>
    ) and data_date = #{date}
    group by device_id
    ) a
  </select>


  <select id="getReportWiredByDateAndAreaId" resultType="java.lang.Integer">
    select count(1) from(
     select * from wired_meter_day_read where meter_address in(
    select meter_address from wired_meter where area_id = #{id} and meter_type = #{type}
    ) and data_date = #{date}
    group by  meter_address,term_address
    ) a
  </select>

  <select id="getCountWiredMeterByAreaId" resultType="java.lang.Integer">
    select count(1) from wired_meter where area_id = #{id} and meter_type = #{type}
  </select>

  <select id="getReportWiredByDateAndTgId" resultType="java.lang.Integer">
    select count(1) from(
     select * from wired_meter_day_read where meter_address in(
    select meter_address from wired_meter where tg_build_doorplate in
    <foreach collection="ids" item="id" open="(" separator="," close=")">
      #{id}
    </foreach>
     and meter_type = #{type}
    ) and data_date = #{date}
    group by meter_address,term_address
    ) a
  </select>

  <select id="getCountWiredMeterByTgId" resultType="java.lang.Integer">
    select count(1) from wired_meter where tg_build_doorplate in
    <foreach collection="ids" item="id" open="(" separator="," close=")">
      #{id}
    </foreach>
     and meter_type = #{type}
  </select>

  <select id="getDataDayByNb" resultType="com.dto.equipment.MeterDayDataDTO">
    select * from water_meter_day_read
    where  data_date = #{date}
    and device_id = #{nb.imei}
    order by coll_time desc
    limit 1
  </select>

  <select id="getWiredMeterByAreaId" resultType="com.entity.equipment.WiredMeter">
    select * from wired_meter where area_id = #{id} and meter_type = #{type}
  </select>

  <select id="getDataDayByWired" resultType="com.dto.equipment.MeterDayDataDTO">
    select * from wired_meter_day_read
    where  data_date = #{date}
    and meter_address = #{dto.meterAddress}
    and term_address = #{dto.termId}
    order by coll_time desc
    limit 1
  </select>

  <select id="getWiredMeterByTgId" resultType="com.entity.equipment.WiredMeter">
    select * from wired_meter where tg_build_doorplate in
    <foreach collection="ids" item="id" open="(" separator="," close=")">
      #{id}
    </foreach>
    and meter_type = #{type}
  </select>
</mapper>